Workbook

Sheet Dashboard
A1: FitFactorOS Dashboard
A2: Updates on its own as you paste rows into the other tabs. Example rows are ignored. Nothing to type here except the yellow cell.
A4: This week (Sunday to Saturday)
A5: Week starts | B5: =TODAY()-WEEKDAY(TODAY())+1
A6: Week ends | B6: =B5+6
A7: Jobs screened this week | B7: =COUNTIFS(Jobs!$A$2:$A$1000,"J-*",Jobs!$A$2:$A$1000,"<>*EXAMPLE",Jobs!$B$2:$B$1000,">="&$B$5,Jobs!$B$2:$B$1000,"<="&$B$6) | D7: Every job you fit factor, including Passes
A8: Activities this week that count for unemployment | B8: =COUNTIFS(Activity!$J$2:$J$1000,"Yes",Activity!$A$2:$A$1000,">="&$B$5,Activity!$A$2:$A$1000,"<="&$B$6) | D8: Rows on the Activity tab marked Yes
A9: Your state's weekly minimum | B9: 3 | D9: Type your state's number. Massachusetts asks for at least 3. Check your state's current rule.
A10: On track this week? | B10: =IF(B8>=B9,"On track","Need "&(B9-B8)&" more") | D10: Rough check: screened jobs plus activities. Your weekly log gives the exact count.
A12: Your search so far
A13: Jobs screened | B13: =COUNTIFS(Jobs!$A$2:$A$1000,"J-*",Jobs!$A$2:$A$1000,"<>*EXAMPLE")
A14: Pursue | B14: =COUNTIFS(Jobs!$A$2:$A$1000,"J-*",Jobs!$A$2:$A$1000,"<>*EXAMPLE",Jobs!$M$2:$M$1000,"Pursue")
A15: Maybe | B15: =COUNTIFS(Jobs!$A$2:$A$1000,"J-*",Jobs!$A$2:$A$1000,"<>*EXAMPLE",Jobs!$M$2:$M$1000,"Maybe")
A16: Pass | B16: =COUNTIFS(Jobs!$A$2:$A$1000,"J-*",Jobs!$A$2:$A$1000,"<>*EXAMPLE",Jobs!$M$2:$M$1000,"Pass")
A17: Active leads | B17: =COUNTIFS(Jobs!$A$2:$A$1000,"J-*",Jobs!$A$2:$A$1000,"<>*EXAMPLE",Jobs!$S$2:$S$1000,"Active")
A18: Interviews logged | B18: =COUNTIFS(Interviews!$B$2:$B$1000,"<>",Interviews!$A$2:$A$1000,"<>*EXAMPLE")
A20: Warm vs cold: your own results | B20: Warm | C20: Cold
A21: Leads | B21: =COUNTIFS(Jobs!$A$2:$A$1000,"J-*",Jobs!$A$2:$A$1000,"<>*EXAMPLE",Jobs!$N$2:$N$1000,"Warm") | C21: =COUNTIFS(Jobs!$A$2:$A$1000,"J-*",Jobs!$A$2:$A$1000,"<>*EXAMPLE",Jobs!$N$2:$N$1000,"Cold")
A22: Reached Applied or further | B22: =SUMPRODUCT(COUNTIFS(Jobs!$A$2:$A$1000,"J-*",Jobs!$A$2:$A$1000,"<>*EXAMPLE",Jobs!$N$2:$N$1000,"Warm",Jobs!$P$2:$P$1000,{"Applied","Heard back","Interviewing","Offer"})) | C22: =SUMPRODUCT(COUNTIFS(Jobs!$A$2:$A$1000,"J-*",Jobs!$A$2:$A$1000,"<>*EXAMPLE",Jobs!$N$2:$N$1000,"Cold",Jobs!$P$2:$P$1000,{"Applied","Heard back","Interviewing","Offer"}))
A23: Reached Interviewing or further | B23: =SUMPRODUCT(COUNTIFS(Jobs!$A$2:$A$1000,"J-*",Jobs!$A$2:$A$1000,"<>*EXAMPLE",Jobs!$N$2:$N$1000,"Warm",Jobs!$P$2:$P$1000,{"Interviewing","Offer"})) | C23: =SUMPRODUCT(COUNTIFS(Jobs!$A$2:$A$1000,"J-*",Jobs!$A$2:$A$1000,"<>*EXAMPLE",Jobs!$N$2:$N$1000,"Cold",Jobs!$P$2:$P$1000,{"Interviewing","Offer"}))
A24: Leads that became interviews | B24: =IFERROR(B23/B21,"—") | C24: =IFERROR(C23/C21,"—") | D24: Your numbers, not borrowed stats. Small counts swing a lot, so read this after 10+ leads.
A26: The ladder: where your jobs are now
A27: Picked | B27: =COUNTIFS(Jobs!$A$2:$A$1000,"J-*",Jobs!$A$2:$A$1000,"<>*EXAMPLE",Jobs!$P$2:$P$1000,"Picked") | D27: Rungs only move for real steps. Warm paths often skip the middle rungs.
A28: Researched | B28: =COUNTIFS(Jobs!$A$2:$A$1000,"J-*",Jobs!$A$2:$A$1000,"<>*EXAMPLE",Jobs!$P$2:$P$1000,"Researched")
A29: Found the right person | B29: =COUNTIFS(Jobs!$A$2:$A$1000,"J-*",Jobs!$A$2:$A$1000,"<>*EXAMPLE",Jobs!$P$2:$P$1000,"Found the right person")
A30: Reached out to contact | B30: =COUNTIFS(Jobs!$A$2:$A$1000,"J-*",Jobs!$A$2:$A$1000,"<>*EXAMPLE",Jobs!$P$2:$P$1000,"Reached out to contact")
A31: Sent a researched note | B31: =COUNTIFS(Jobs!$A$2:$A$1000,"J-*",Jobs!$A$2:$A$1000,"<>*EXAMPLE",Jobs!$P$2:$P$1000,"Sent a researched note")
A32: Applied | B32: =COUNTIFS(Jobs!$A$2:$A$1000,"J-*",Jobs!$A$2:$A$1000,"<>*EXAMPLE",Jobs!$P$2:$P$1000,"Applied")
A33: Heard back | B33: =COUNTIFS(Jobs!$A$2:$A$1000,"J-*",Jobs!$A$2:$A$1000,"<>*EXAMPLE",Jobs!$P$2:$P$1000,"Heard back")
A34: Interviewing | B34: =COUNTIFS(Jobs!$A$2:$A$1000,"J-*",Jobs!$A$2:$A$1000,"<>*EXAMPLE",Jobs!$P$2:$P$1000,"Interviewing")
A35: Offer | B35: =COUNTIFS(Jobs!$A$2:$A$1000,"J-*",Jobs!$A$2:$A$1000,"<>*EXAMPLE",Jobs!$P$2:$P$1000,"Offer")

Sheet Profile
A1: Field | B1: Your answer | C1: Example | D1: When Intake asks | E1: Note
A2: Gmail address (for inbox links) | C2: alex.sample@gmail.com | D2: Turn 1 | E2: Used only to build links that open your own inbox. Goes in your own Sheet.
A3: Your name | C3: Alex Sample | D3: Turn 1 (resume) or Turn 4
A4: Resume file | C4: Alex_Sample_Resume_2026.pdf | D4: Turn 1 (resume) | E4: File name or Drive link. The resume itself stays in your Drive.
A5: Most recent role | C5: Customer Success Manager, Northwind Software | D5: Turn 1 (resume) or Turn 4
A6: Years of experience | C6: About 9 (estimate) | D6: Turn 1 (resume) or Turn 4
A7: Top skills | C7: Onboarding; renewals; customer training; Salesforce; SQL basics | D7: Turn 1 (resume) or Turn 4
A8: Target roles | C8: Customer Success Manager; Customer Education Lead; Implementation Manager | D8: Turn 2 (tap) or Turn 4
A9: Where you can work | C9: Remote (US) or hybrid in Columbus, OH | D9: Turn 2 (tap) + Turn 4
A10: Pay floor | C10: $95,000 base | D10: Turn 4 | E10: The lowest you'd accept. Used only to screen jobs out. Goes in your own Sheet.
A11: Deal-breakers | C11: No 100% travel roles; no commission-only pay | D11: Turn 2 (tap) + Turn 4
A12: Companies to avoid | C12: Contoso Group | D12: Turn 4
A13: Work that makes you lose track of time | C13: Building training programs; untangling a messy customer rollout | D13: Turn 3 (tap)
A14: Dream companies | C14: Fabrikam Health; Lumen Learning Co. | D14: Turn 4
A15: People you know (and where) | C15: Priya N. at Fabrikam Health (former teammate); Sam T. at Tailspin Labs (college friend) | D15: Turn 4 | E15: Used only to find warm introductions. Goes in your own Sheet.
A16: State | C16: Ohio | D16: Turn 4
A17: Collecting unemployment? | C17: Yes | D17: Turn 3 (tap) | E17: Only powers the Activity Log. Goes in your own Sheet.
A18: Wins with numbers | C18: Cut onboarding time from 60 to 35 days; renewed 96% of a $4M book | D18: Turn 3 (tap) or Turn 4 (optional) | E18: Keep each win short, with its number.
A19: Profile last updated | C19: 2026-09-24 | D19: Turn 5 (filled in for you) | E19: Intake fills this in (YYYY-MM-DD).
A20: Morning email sparks | C20: Quote; Music | D20: Morning email setup (optional)
A21: Sign (optional) | C21: Capricorn | D21: Morning email setup (optional)
A22: Morning email ready by | C22: 7:00 am | D22: Morning email setup (optional)
A23: Dashboard link | C23: skipped | D23: Morning email setup (optional)
A26: How to use this tab
A27: 1. After Intake, click B2 and paste the answer block. Your answers fill B2 through B19.
A28: 2. To change one answer later, ask Claude to 'update my profile'. It tells you which cell to paste into.
A29: 3. Optional: say 'set up my morning email' and paste its 4 answers into B20 through B23.
A30: Yellow cells are yours to fill. Column C is a fictional example.

Sheet Jobs
A1: Job ID | B1: Date added | C1: Company | D1: Role | E1: Job link | F1: Source | G1: Suggested by | H1: Location | I1: Work mode | J1: Pay range | K1: Pay tag | L1: Fit score | M1: Screen result | N1: Path | O1: Warm contact | P1: Ladder stage | Q1: Next step | R1: Next step date | S1: Status | T1: Email link | U1: Notes
A2: J-260924-EXAMPLE | B2: 2026-09-24 | C2: Example Co. | D2: Example Role | E2: https://example.com/job | F2: Conversation | G2: A. Friend | H2: Remote (US) | I2: Remote | J2: $100,000–$120,000 | K2: Verified | L2: 80 | M2: Pursue | N2: Warm | O2: A. Friend | P2: Picked | Q2: Research the company | R2: 2026-09-25 | S2: Active | U2: EXAMPLE ROW – delete when you add your first job

Sheet Evidence
A1: Job ID | B1: Date checked | C1: Claim | D1: Tag | E1: Source link | F1: Source type | G1: How we know | H1: Checked by
A2: J-260924-EXAMPLE | B2: 2026-09-24 | C2: Posted pay range is $100,000–$120,000 | D2: Verified | E2: https://example.com/job | F2: Job posting | G2: Stated in the posting | H2: Agent

Sheet Interviews
A1: Job ID | B1: Date | C1: Round | D1: Interviewer | E1: Interviewer title | F1: Format | G1: Questions asked | H1: What I learned | I1: Thank-you sent | J1: Email link | K1: Notes
A2: J-260924-EXAMPLE | B2: 2026-09-30 | C2: Recruiter screen | D2: B. Recruiter | E2: Recruiter | F2: Video | I2: No | K2: EXAMPLE ROW – delete

Sheet Activity
A1: Date | B1: Week ending | C1: Job ID | D1: Activity type | E1: Company / organization | F1: Contact person | G1: Contact method | H1: Position | I1: Result | J1: Counts for unemployment | K1: Email link | L1: Notes | M1: Pay rate | N1: Employer address | O1: Contact info
A2: 2026-09-24 | C2: J-260924-EXAMPLE | D2: Networking contact | E2: Example Co. | F2: A. Friend | G2: Phone | H2: Example Role | L2: EXAMPLE ROW – delete | M2: $100,000–$120,000 | N2: Boston, MA | O2: a.friend@example.com
